{
  "iterations": 227,
  "depth": 8,
  "learning_rate": 0.04369158504081026,
  "subsample": 0.81650524737986,
  "colsample_bylevel": 0.9506525590819064,
  "reg_lambda": 1.0629714797713952
}