{
  "n_estimators": 246,
  "max_depth": 5,
  "learning_rate": 0.020399577372890932,
  "subsample": 0.6107361082581148,
  "colsample_bytree": 0.8802276319860467,
  "min_child_samples": 50,
  "reg_alpha": 0.5906155494807862,
  "reg_lambda": 0.9963652996017165
}