{
  "n_estimators": 205,
  "max_depth": 5,
  "learning_rate": 0.06022145592871664,
  "subsample": 0.7382612275827628,
  "colsample_bytree": 0.7910209837984943,
  "min_child_samples": 49,
  "reg_alpha": 0.9849616305877716,
  "reg_lambda": 0.669094600969808
}