{
  "n_estimators": 249,
  "max_depth": 4,
  "learning_rate": 0.29176832142772197,
  "subsample": 0.8757486825703272,
  "colsample_bytree": 0.6012464171364456,
  "min_child_samples": 25,
  "reg_alpha": 0.6302268673095,
  "reg_lambda": 0.25340200088730963
}