{
  "n_estimators": 183,
  "max_depth": 4,
  "learning_rate": 0.14062508482374814,
  "subsample": 0.8291080830679467,
  "colsample_bytree": 0.7156844678535852,
  "min_child_samples": 28,
  "reg_alpha": 0.5902443794203825,
  "reg_lambda": 0.3563809502841896
}