{
  "n_estimators": 180,
  "max_depth": 7,
  "learning_rate": 0.044265206737964566,
  "subsample": 0.6105149441932692,
  "colsample_bytree": 0.8217418139604263,
  "min_child_samples": 20,
  "reg_alpha": 0.23470898418389707,
  "reg_lambda": 0.8221320700117082
}