{
  "n_estimators": 126,
  "max_depth": 5,
  "learning_rate": 0.10654832425185297,
  "subsample": 0.711899363375078,
  "colsample_bytree": 0.9993859465782224,
  "min_child_samples": 21,
  "reg_alpha": 0.7684864699706605,
  "reg_lambda": 0.44775060529446264
}