{
  "n_estimators": 111,
  "max_depth": 5,
  "learning_rate": 0.06650468101473785,
  "subsample": 0.999436635623435,
  "colsample_bytree": 0.7926782021340304,
  "min_child_weight": 7,
  "gamma": 0.2009690008581395,
  "reg_alpha": 0.9647864939360808,
  "reg_lambda": 0.9964093253668775
}