{
  "n_estimators": 183,
  "max_depth": 5,
  "learning_rate": 0.039582455392876324,
  "subsample": 0.8939360004940775,
  "colsample_bytree": 0.8566396551895528,
  "min_child_weight": 4,
  "gamma": 0.20140808029071144,
  "reg_alpha": 0.357215442927997,
  "reg_lambda": 0.6913705399157138
}